Number,StartDate,EndDate,Status,IPAddress,Progress,Duration (in seconds),Finished,RecordedDate,ResponseId,RecipientLastName,RecipientFirstName,RecipientEmail,ExternalReference,LocationLatitude,LocationLongitude,DistributionChannel,UserLanguage,Q134,IRBConsent ,Latino,Latino_5_TEXT,State,BirthYear,Sex,Race,SkinTone,Income,AttentionCheck1,Education ,TermLatinoHispanic ,PolKnow1,PolKnowledgeMatrix _1,PolKnowledgeMatrix _2,AttentionCheck2,SocDomMatrix_1,SocDomMatrix_2,SocDomMatrix_3,Birthplace,ParentsBirthplace ,Grandparents_Born ,Language,Language_4_TEXT,LinkedFate,ImmResentment_Matrix_1,ImmResentment_Matrix_2,ImmResentment_Matrix_3,ImmResentment_Matrix_4,Voted,VotedFor,Party3,Party3_3_TEXT,Party7pt ,IndParty ,IntragroupDistinct,Emotions_1,Emotions_2,Emotions_9,Emotions_10,Emotions_11,Emotions_12,ManipCheck1,ImmAttitudeHyp ,LikelyToHappen ,AffectLatinoComm,AffectImmComm,PersonallyAffect,GroupDiscImms,GroupDiscLatinos ,PersDisc,StigmaImmMatrix_1,StigmaImmMatrix_2,StigmaImmMatrix_3,StigmaLatinoMatrix_1,StigmaLatinoMatrix_2,StigmaLatinoMatrix_3,IntExtEffPost _1,IntExtEffPost _2,IntExtEffPost _3,IntExtEffPost _4,BelongingPost_1,BelongingPost_2,BelongText1,BelongText ,BelongExternal_1,BelongExternal_2,BorderPoliciesMatrix_1,BorderPoliciesMatrix_2,BorderPoliciesMatrix_3,BorderPoliciesMatrix_4,BorderPoliciesMatrix_5,BorderPoliciesMatrix_6,Participation1 ,OpenEnd,Participation2 ,OpenEndVers2 ,PROLIFIC_PID,AC1Fail,AC2Fail
,Start Date,End Date,Response Type,IP Address,Progress,Duration (in seconds),Finished,Recorded Date,Response ID,Recipient Last Name,Recipient First Name,Recipient Email,External Data Reference,Location Latitude,Location Longitude,Distribution Channel,User Language,"What is your Prolific ID?

Please note that this response should auto-fill automatically with the correct ID.","Consent to Participate in Research 



The purpose of this study is to understand political attitudes and participation in elections. Participation in this study will require 15 minutes of your time, and compensation for this survey is estimated to be $2.14. The investigator anticipates minimal risk, and any identifying information will be removed after the data collection.



For more information, you can review the full study information and consent form here. (This will open a new tab.) By continuing the survey, I freely consent to participate, I certify that I live in the United States and that I am at least 18 years of age.",Are you of Latino or Hispanic origin? - Selected Choice,"Are you of Latino or Hispanic origin? - Yes, other (Please specify.) - Text","50 States, D.C. and Puerto Rico",In what year were you born?,What is your sex?,Choose one or more races that you consider yourself to be,"As you know, human beings have a variety of skin colors. Displayed above is a skin color scale that ranges from 1 (representing the lightest skin color) to 10 (representing the darkest skin color). Please indicate which hand comes closest to your own skin color.",What was your total household income before taxes during the past 12 months?,"People are very busy these days, and many do not have time to stay up to date with politics. We are testing whether people read questions. To show that you've read this much, answer both ""not at all interested"" and ""very interested.""

Based on the text above, how interested are you in political affairs?",What is the highest level of education you have completed?,Which of these terms do you prefer to describe people of Latino or Hispanic origin?,Which party currently has the most members in the U.S. Senate?,Please answer the following questions by selecting the correct person from the options below. - Who is the current Speaker of the House?,"Please answer the following questions by selecting the correct person from the options below. - Of these, who is most likely to support greater government spending?","There are many news sources available for the public. To continue the survey, it is necessary to verify whether you are a real person. To confirm that you are a real person, for the next question, simply select Fox News and NBC and ignore the other options.

Based on the text above, what news outlets do you typically receive your news from?","Do you agree or disagree with the following statements: - ""We should do whatever we can to make conditions equal for all groups.""","Do you agree or disagree with the following statements: - ""It's okay that some groups have more of a chance in life than others.""","Do you agree or disagree with the following statements: - ""Superior groups should dominate inferior groups.""",Were you born in the US?,Were your parents born in the US or in another country?,How about your grandparents? Where were they born?,What is the language that is most used in your place of residence? - Selected Choice,What is the language that is most used in your place of residence? - Other (Please specify.) - Text,"How much do you think what happens to [QID116-ChoiceGroup-SelectedChoices] people will have something to do with
what happens in your life?","How much do you agree or disagree with these statements? - ""Undocumented immigrants make other [QID116-ChoiceGroup-SelectedChoices]s look bad.""","How much do you agree or disagree with these statements? - ""Previous generations of immigrants were able to become successful without relying on government welfare benefits - new immigrants should do the same.""","How much do you agree or disagree with these statements? - ""There is no excuse for breaking the law and entering the US illegally.""","How much do you agree or disagree with these statements? - ""[QID116-ChoiceGroup-SelectedChoices]s would be treated better in the US if immigrants would try harder to learn English and adopt US customs like other ethnic groups have done.""","In talking to people about elections, we often find that a lot of people
were not able to vote because they weren’t registered, they were
sick, or they just didn’t have time.
Which of the following statements best describes you? (1), I did not vote in the 2024 election;
(2), I thought about voting in the 2024 election, but didn’t;
(3), I usually vote, but didn’t vote in the 2024 election; or
(4), I definitely voted in the 2024 election.","In the Presidential election in 2024, who did you vote for?","Generally speaking, do you usually think of yourself as a Republican, a Democrat, or something else? - Selected Choice","Generally speaking, do you usually think of yourself as a Republican, a Democrat, or something else? - Something else - Text",Would you consider yourself a strong [QID1319530503-ChoiceGroup-SelectedChoices]?,"Though you identify as something else, would you consider yourself closer to the Democratic or Republican Party?","When Donald Trump speaks about immigration, do you feel that he is talking about the [QID116-ChoiceGroup-SelectedChoices] community as a whole?","After reading about the proposed policy in your state, did you feel any of the following emotions? - Relief","After reading about the proposed policy in your state, did you feel any of the following emotions? - Anger","After reading about the proposed policy in your state, did you feel any of the following emotions? - Pride","After reading about the proposed policy in your state, did you feel any of the following emotions? - Fear","After reading about the proposed policy in your state, did you feel any of the following emotions? - Joy","After reading about the proposed policy in your state, did you feel any of the following emotions? - Shame",What issue in your state did the proposed policy that you just read about primarily address?,Do you support or oppose the proposed policy in your state?,How likely do you think that the proposed policy would be enacted in your state?,To what extent do you think this proposed policy would affect the [QID116-ChoiceGroup-SelectedChoices] community?,To what extent do you think this proposed policy would affect the immigrant community?,"If this policy were passed, do you think you would experience more discrimination because of your ethnicity, immigration status, or accent?",How much discrimination is there in the United States today against immigrants?,How much discrimination is there in the United States today against [QID116-ChoiceGroup-SelectedChoices]?,"Have you ever been treated unfairly or personally experienced discrimination because of your ethnicity, being an immigrant, or having an accent?","How much do you agree or disagree with these statements? - ""Most residents of my state believe that immigrants are a major source of crime.""","How much do you agree or disagree with these statements? - ""Politicians in my state often talk negatively about immigrants.""","How much do you agree or disagree with these statements? - ""State-level policies in my state treat immigrants unfairly.""","How much do you agree or disagree with these statements? - ""Most residents of my state believe that [QID116-ChoiceGroup-SelectedChoices]s are a major source of crime.""","How much do you agree or disagree with these statements? - ""Politicians in my state often talk negatively about [QID116-ChoiceGroup-SelectedChoices]s.""","How much do you agree or disagree with these statements? - ""State-level policies in my state treat [QID116-ChoiceGroup-SelectedChoices]s unfairly.""","How much do you agree or disagree with these statements? - ""Public officials don't care about what people like me think.""","How much do you agree or disagree with these statements? - ""Sometimes, politics seem so complicated that a person like me can’t really understand what’s going on in government.""","How much do you agree or disagree with these statements? - ""My government is responsive to what the people in my country want.""","How much do you agree or disagree with these statements? - ""I feel that I have a pretty good understanding of the important political issues debated by the government.""","From 0 to 10, how much do you feel you belong in... - your state?","From 0 to 10, how much do you feel you belong in... - the United States?","In 1-2 sentences, can you explain why you feel like you do or do not belong in your state?","In 1-2 sentences, can you explain why you feel like you do or do not belong in the US?",How much do you feel that others value and respect you in... - your state?,How much do you feel that others value and respect you in... - the United States?,How much do you favor or oppose the following policies: - Building a border wall along the U.S.-Mexico border,How much do you favor or oppose the following policies: - Deporting all unauthorized immigrants to their countries of origin,How much do you favor or oppose the following policies: - Deploying U.S. Army active-duty troops to the U.S.-Mexico border,How much do you favor or oppose the following policies: - Decreasing federal spending on border security,"How much do you favor or oppose the following policies: - Prohibiting deportation raids in schools, hospitals, or places of worship",How much do you favor or oppose the following policies: - Granting citizenship for children of unauthorized immigrants,Voto Latino works to help individuals register to vote and cast ballots on time. Would you like to receive more information from them about voting and elections in your state?,"In the previous question, you were asked if you would like to be contacted by a civic organization. In 1-2 sentences, please explain why you would or would not like to be contacted.","Voto Latino provides information on voter registration, casting ballots, and issues affecting the [QID116-ChoiceGroup-SelectedChoices] community. Would you like to receive more information from them about issues facing the [QID116-ChoiceGroup-SelectedChoices] community in your state?","In the previous question, you were asked if you would like to be contacted by a civic organization. In 1-2 sentences, please explain why you would or would not like to be contacted.",PROLIFIC_PID,AC1Fail,AC2Fail
,"{""ImportId"":""startDate"",""timeZone"":""America/New_York""}","{""ImportId"":""endDate"",""timeZone"":""America/New_York""}","{""ImportId"":""status""}","{""ImportId"":""ipAddress""}","{""ImportId"":""progress""}","{""ImportId"":""duration""}","{""ImportId"":""finished""}","{""ImportId"":""recordedDate"",""timeZone"":""America/New_York""}","{""ImportId"":""_recordId""}","{""ImportId"":""recipientLastName""}","{""ImportId"":""recipientFirstName""}","{""ImportId"":""recipientEmail""}","{""ImportId"":""externalDataReference""}","{""ImportId"":""locationLatitude""}","{""ImportId"":""locationLongitude""}","{""ImportId"":""distributionChannel""}","{""ImportId"":""userLanguage""}","{""ImportId"":""QID134_TEXT""}","{""ImportId"":""QID85""}","{""ImportId"":""QID19""}","{""ImportId"":""QID19_5_TEXT""}","{""ImportId"":""QID93""}","{""ImportId"":""QID9_TEXT""}","{""ImportId"":""QID11""}","{""ImportId"":""QID128""}","{""ImportId"":""QID137""}","{""ImportId"":""QID12""}","{""ImportId"":""QID67""}","{""ImportId"":""QID127""}","{""ImportId"":""QID116""}","{""ImportId"":""QID43""}","{""ImportId"":""QID135_1""}","{""ImportId"":""QID135_2""}","{""ImportId"":""QID48""}","{""ImportId"":""QID94_1""}","{""ImportId"":""QID94_2""}","{""ImportId"":""QID94_3""}","{""ImportId"":""QID20""}","{""ImportId"":""QID21""}","{""ImportId"":""QID108""}","{""ImportId"":""QID22""}","{""ImportId"":""QID22_4_TEXT""}","{""ImportId"":""QID41""}","{""ImportId"":""QID117_1""}","{""ImportId"":""QID117_2""}","{""ImportId"":""QID117_3""}","{""ImportId"":""QID117_4""}","{""ImportId"":""QID86""}","{""ImportId"":""QID129""}","{""ImportId"":""QID1319530503""}","{""ImportId"":""QID1319530503_3_TEXT""}","{""ImportId"":""QID58""}","{""ImportId"":""QID59""}","{""ImportId"":""QID82""}","{""ImportId"":""QID27_1""}","{""ImportId"":""QID27_2""}","{""ImportId"":""QID27_9""}","{""ImportId"":""QID27_10""}","{""ImportId"":""QID27_11""}","{""ImportId"":""QID27_12""}","{""ImportId"":""QID49""}","{""ImportId"":""QID95""}","{""ImportId"":""QID89""}","{""ImportId"":""QID96""}","{""ImportId"":""QID125""}","{""ImportId"":""QID139""}","{""ImportId"":""QID140""}","{""ImportId"":""QID141""}","{""ImportId"":""QID142""}","{""ImportId"":""QID119_1""}","{""ImportId"":""QID119_5""}","{""ImportId"":""QID119_2""}","{""ImportId"":""QID120_1""}","{""ImportId"":""QID120_5""}","{""ImportId"":""QID120_2""}","{""ImportId"":""QID122_1""}","{""ImportId"":""QID122_5""}","{""ImportId"":""QID122_2""}","{""ImportId"":""QID122_6""}","{""ImportId"":""QID34_1""}","{""ImportId"":""QID34_2""}","{""ImportId"":""QID68_TEXT""}","{""ImportId"":""QID69_TEXT""}","{""ImportId"":""QID132_1""}","{""ImportId"":""QID132_2""}","{""ImportId"":""QID133_1""}","{""ImportId"":""QID133_2""}","{""ImportId"":""QID133_3""}","{""ImportId"":""QID133_4""}","{""ImportId"":""QID133_5""}","{""ImportId"":""QID133_6""}","{""ImportId"":""QID31""}","{""ImportId"":""QID60_TEXT""}","{""ImportId"":""QID32""}","{""ImportId"":""QID62_TEXT""}","{""ImportId"":""PROLIFIC_PID""}","{""ImportId"":""AC1Fail""}","{""ImportId"":""AC2Fail""}"
1,5/7/25 15:54,5/7/25 16:01,IP Address,68.226.21.179,100,457,TRUE,5/7/25 16:01,R_6DG8tEs37rMKtYB,,,,,33.3124,-111.9195,anonymous,EN,65028df3dcbf9224299692c4,I consent,"Yes, Mexican",,California,1987,Male,White or Caucasian,2,"$100,000-$149,999","Not at all interested,Very interested",Bachelor’s degree,Latino/a,the Republican Party,Mike Johnson,Chuck Schumer,"Fox News,NBC",Somewhat agree,Somewhat disagree,Somewhat disagree,Yes,"One in the US, one elsewhere","One in the US, three elsewhere",English,,Some,Strongly disagree,Strongly disagree,Somewhat disagree,Somewhat disagree,(4) I definitely voted in the 2024 election,Kamala Harris,Democrat,,Strong,,Always,1,0,3,0,5,0,State symbols,Somewhat support,Somewhat likely,It would not affect ${q://QID116/ChoiceGroup/SelectedChoices}s,It would not affect immigrants,"No, the same amount",Some,Some,"No, I have not experienced discrimination for these reasons",Somewhat disagree,Somewhat disagree,Neither agree or agree,Somewhat disagree,Somewhat disagree,Somewhat disagree,Somewhat agree,Strongly disagree,Strongly disagree,Strongly agree,7,3,I belong in my state because I live in California. We are a majority latino state.,Especially in the south I would feel unwelcomed.,7,3,Strongly oppose,Strongly oppose,Somewhat oppose,Somewhat favor,Strongly favor,Strongly favor,,,No,"My state does a good job in keeping us informed about issues, I would not want to be contacted becuase I know the issues well.",65028df3dcbf9224299692c4,0,0
2,5/7/25 15:56,5/7/25 16:06,IP Address,75.42.235.181,100,595,TRUE,5/7/25 16:06,R_7yTdgchjK40aPzr,,,,,34.6537,-99.3252,anonymous,EN,66059f112a799642519f8e87,I consent,"Yes, other (Please specify.)",Panamanian,Oklahoma,1976,Female,White or Caucasian,1,"$25,000-$49,999","Not at all interested,Very interested",Bachelor’s degree,Hispanic,the Republican Party,Mike Johnson,Chuck Schumer,"Fox News,NBC",Strongly disagree,Somewhat agree,Somewhat agree,Yes,"One in the US, one elsewhere","Two in the US, two elsewhere",English,,Not at all,Strongly agree,Strongly agree,Strongly agree,Strongly agree,(4) I definitely voted in the 2024 election,Donald Trump,Republican,,Strong,,Sometimes,0,0,0,0,0,0,Immigration,Strongly support,Somewhat likely,It would not affect ${q://QID116/ChoiceGroup/SelectedChoices}s,It would not affect immigrants,"No, a little less",A little,A little,"No, I have not experienced discrimination for these reasons",Strongly disagree,Strongly disagree,Strongly disagree,Somewhat disagree,Strongly disagree,Strongly disagree,Strongly disagree,Strongly disagree,Strongly agree,Strongly agree,9,10,"I've lived in Oklahoma as a teen, was nice. I moved here when my husband died, because Texas had too many memories; Is FINE, very diverse","I was BORN here, lived in Panama, as a teen; never felt at home there, despite my mother living there half of her life. I am a diehard American.",10,10,Strongly favor,Strongly favor,Strongly favor,Strongly oppose,Strongly oppose,Strongly oppose,No,"I don't need help voting; I always vote. English is my native language, America is my country.",,,66059f112a799642519f8e87,0,0
3,5/7/25 15:57,5/7/25 16:08,IP Address,68.187.24.134,100,638,TRUE,5/7/25 16:08,R_3sDIZAfm8evyKQx,,,,,33.9249,-117.4592,anonymous,EN,651f877f99a86ed3d73471c5,I consent,"Yes, Mexican",,California,1988,Female,Other,4,"$50,000-$74,999","Not at all interested,Very interested","Graduate or professional degree (MA, MS, MBA, PhD, JD, MD, DDS etc.)",Latinx,the Republican Party,Mike Johnson,Chuck Schumer,"Fox News,NBC",Strongly agree,Strongly disagree,Strongly disagree,Yes,Both were born in the US,"Three in the US, one elsewhere",English,,Some,Strongly disagree,Strongly disagree,Strongly disagree,Strongly disagree,(4) I definitely voted in the 2024 election,Other,Something else,Independent,,Closer to the Democratic Party,Most of the time,0,7,0,5,0,0,Immigration,Strongly support,Somewhat likely,It would positively affect ${q://QID116/ChoiceGroup/SelectedChoices}s,It would positively affect immigrants,"No, a little less",A lot,Some,"Yes, for my ethnicity",Somewhat disagree,Neither agree or agree,Somewhat agree,Somewhat agree,Somewhat agree,Somewhat agree,Strongly agree,Somewhat disagree,Strongly disagree,Strongly agree,9,9,"This is where I was born and raised, it's where many people who share my Mexican-American heritage also live. I've lived in another state with less Mexican-Americans and it felt isolating and lonely. I want to live in community with people who share my culture, values, and history. For me, that is specifically Southern California. I get to express and experience my culture in so many ways--Chicano Art Museum, Chicano Park Day, Tamale Festival, Day of the Dead Festivals, etc. The one element of why I don't feel totally as if I belong here is because I'm being priced out of my own community.  ","I belong here because, as stated in the Constitution, I am granted citizenship right as someone born here. End of story. The reason that I didn't put a 10, is because as a Brown queer woman I am constantly being made to feel through policies and fake culture wars that I don't belong and it can feel isolating. ",9,5,Strongly oppose,Strongly oppose,Strongly oppose,Strongly favor,Strongly favor,Strongly favor,,,No,I can make my own decisions. Latinx are not a monolith and we vote based on our own personal values. ,651f877f99a86ed3d73471c5,0,0
4,5/7/25 15:58,5/7/25 16:08,IP Address,73.142.151.210,100,651,TRUE,5/7/25 16:09,R_75V0au1B0GzN0Up,,,,,41.3908,-73.4483,anonymous,EN,6638e8aa3d1f38846080806a,I consent,"Yes, other (Please specify.)",Brazilian,Connecticut,1998,Male,White or Caucasian,3,"$50,000-$74,999","Not at all interested,Very interested",Bachelor’s degree,Latino/a,,Mike Johnson,Mike Johnson,"Fox News,NBC",Strongly agree,Strongly disagree,Strongly disagree,Yes,Both were born in the US,All four born outside the US,English,,Not at all,Strongly disagree,Somewhat agree,Strongly disagree,Somewhat agree,(4) I definitely voted in the 2024 election,Donald Trump,Something else,Independent,,Neither,Always,5,0,5,0,5,0,Healthcare,Strongly support,Somewhat likely,It would positively affect ${q://QID116/ChoiceGroup/SelectedChoices}s,It would positively affect immigrants,"No, the same amount",Some,Some,"Yes, for my ethnicity,Yes, for being an immigrant,Yes, for having an accent",Strongly disagree,Strongly disagree,Strongly disagree,Strongly disagree,Strongly disagree,Strongly disagree,Somewhat agree,Strongly disagree,Strongly disagree,Somewhat agree,5,5,"I feel like I belong because I live here and do many things here, but sometimes I don't feel like belonging because I am treated differently because of my accent.","I feel like I belong because I live here and do many things here, but sometimes I don't feel like belonging because I am treated differently because of my accent.",5,5,Neither favor nor oppose,Strongly oppose,Neither favor nor oppose,Strongly oppose,Strongly favor,Strongly favor,Yes,Because I feel like I would like to know more about that Voto Latino,,,6638e8aa3d1f38846080806a,0,0
5,5/7/25 16:10,5/7/25 16:11,IP Address,,100,43,TRUE,5/7/25 16:11,R_1HG1oxT4zyjb9BR,,,,,,,anonymous,EN,67f052147bb0231d3bddc9df,I consent,No,,,,,,,,,,,,,,,,,,,,,,,,,,,,,,,,,,,,,,,,,,,,,,,,,,,,,,,,,,,,,,,,,,,,,,,,,,,,67f052147bb0231d3bddc9df,0,0
6,5/7/25 15:59,5/7/25 16:11,IP Address,68.96.199.154,100,721,TRUE,5/7/25 16:11,R_6okhDCJmxAx6e4O,,,,,36.2038,-115.2255,anonymous,EN,623ac50ed58ac10f7e259b8f,I consent,"Yes, Mexican",,Nevada,2000,Male,White or Caucasian,1,"$75,000-$99,999","Not at all interested,Very interested",Bachelor’s degree,Hispanic,the Republican Party,Mike Johnson,Mitch McConnell,"Fox News,NBC",Somewhat agree,Somewhat disagree,Strongly disagree,Yes,Both were born in the US,"Two in the US, two elsewhere",English,,Some,Somewhat disagree,Strongly disagree,Somewhat disagree,Neither agree or agree,(4) I definitely voted in the 2024 election,Kamala Harris,Democrat,,Strong,,Most of the time,1,6,2,4,2,5,Immigration,Somewhat oppose,Not at all likely,It would negatively affect ${q://QID116/ChoiceGroup/SelectedChoices}s,It would somewhat negatively affect immigrants,"Yes, a little more",A lot,Some,"Yes, for my ethnicity",Somewhat agree,Neither agree or agree,Somewhat agree,Somewhat disagree,Somewhat disagree,Neither agree or agree,Somewhat disagree,Strongly disagree,Somewhat agree,Strongly agree,9,10,I definitely feel like I belong in my state because I have lived here for over 10 years. I feel like the community I’m in is a good one.,"I do belong in the US because this is my home. Even despite all the issues this country is currently facing, there is a lot to look forward to.",8,8,Neither favor nor oppose,Strongly oppose,Neither favor nor oppose,Somewhat oppose,Strongly favor,Somewhat favor,Yes,I would like to learn more information about it.,,,623ac50ed58ac10f7e259b8f,0,0
7,5/7/25 15:59,5/7/25 16:12,IP Address,70.121.184.179,100,790,TRUE,5/7/25 16:12,R_7nbvo00lVkEGEmJ,,,,,29.5418,-98.4212,anonymous,EN,651c4484ba17050f6b716614,I consent,"Yes, Mexican",,Texas,1993,Male,White or Caucasian,2,"$100,000-$149,999","Not at all interested,Very interested",High school diploma or GED,Hispanic,the Republican Party,Mike Johnson,Chuck Schumer,"Fox News,NBC",Somewhat agree,Somewhat disagree,Strongly disagree,Yes,Both were born in the US,"Three in the US, one elsewhere",English,,Some,Somewhat disagree,Somewhat agree,Neither agree or agree,Somewhat disagree,(4) I definitely voted in the 2024 election,Kamala Harris,Democrat,,Strong,,Most of the time,4,0,5,0,5,0,Healthcare,Somewhat support,Not at all likely,It would somewhat positively affect ${q://QID116/ChoiceGroup/SelectedChoices}s,It would positively affect immigrants,Don't know,Some,Some,"Yes, for my ethnicity",Somewhat agree,Strongly agree,Strongly agree,Neither agree or agree,Strongly agree,Strongly agree,Strongly agree,Somewhat disagree,Strongly disagree,Strongly agree,5,7,It's very right leaning. ,I was born in this country. I have a right to be here,5,5,Strongly oppose,Somewhat oppose,Strongly oppose,Strongly favor,Strongly favor,Strongly favor,,,No,I have plenty of information already.,651c4484ba17050f6b716614,0,0
8,5/7/25 16:02,5/7/25 16:13,IP Address,98.204.237.171,100,703,TRUE,5/7/25 16:13,R_6WG8XNY44w03eH7,,,,,39.2507,-76.5205,anonymous,EN,65baa72531ba3e8cb06d96ea,I consent,"Yes, Puerto Rican",,Maine,2004,Female,Black or African American,4,"$50,000-$74,999","Not at all interested,Very interested",High school diploma or GED,Hispanic,,Mike Johnson,Mitch McConnell,"Fox News,NBC",Somewhat agree,Strongly disagree,Strongly disagree,Yes,Both were born in the US,,English and Spanish are equally used,,Some,Strongly disagree,Strongly disagree,Somewhat agree,Strongly disagree,(1) I did not vote in the 2024 election,,Democrat,,Not so strong,,Always,0,0,0,0,2,0,State symbols,Neither support nor oppose,Somewhat likely,It would not affect ${q://QID116/ChoiceGroup/SelectedChoices}s,It would not affect immigrants,"No, the same amount",A lot,A lot,"Yes, for my ethnicity",Neither agree or agree,Somewhat agree,Somewhat disagree,Neither agree or agree,Strongly disagree,Somewhat disagree,Strongly agree,Somewhat agree,Strongly disagree,Somewhat agree,5,10,I don't necessarily feel excluded but I don't feel very welcome either.,"I've lived here my entire life, I belong here.",5,4,Strongly oppose,Somewhat oppose,Strongly oppose,Somewhat favor,Strongly favor,Strongly favor,Yes,I would like information on what's going on politically.,,,65baa72531ba3e8cb06d96ea,0,0
9,5/7/25 16:06,5/7/25 16:18,IP Address,73.224.27.223,100,725,TRUE,5/7/25 16:18,R_3yvjluhDRAvKsCJ,,,,,30.1918,-81.6028,anonymous,EN,656a1cf88a3cf09f538c6f25,I consent,"Yes, Puerto Rican",,Florida,1968,Male,White or Caucasian,2,"$50,000-$74,999","Not at all interested,Very interested",Bachelor’s degree,Latino/a,the Republican Party,Mike Johnson,Chuck Schumer,"Fox News,NBC",Somewhat agree,Somewhat disagree,Somewhat disagree,Yes,Both were born in the US,All four in the US,English,,Some,Somewhat disagree,Somewhat disagree,Somewhat disagree,Somewhat agree,(4) I definitely voted in the 2024 election,Kamala Harris,Democrat,,Not so strong,,About half the time,0,0,0,0,0,0,State symbols,Strongly oppose,Somewhat unlikely,It would not affect ${q://QID116/ChoiceGroup/SelectedChoices}s,It would not affect immigrants,"No, the same amount",Some,Some,"Yes, for my ethnicity",Somewhat disagree,Somewhat agree,Neither agree or agree,Somewhat disagree,Somewhat agree,Neither agree or agree,Somewhat disagree,Somewhat agree,Somewhat disagree,Somewhat agree,10,10,I've been a resident for about 17 years.,I was born in the U.S. and as a citizen I do in fact belong here.,7,7,Somewhat favor,Neither favor nor oppose,Somewhat favor,Somewhat oppose,Somewhat oppose,Somewhat oppose,No,I'm definitely able to gather more information on my own.  ,,,656a1cf88a3cf09f538c6f25,0,0
10,5/7/25 16:06,5/7/25 16:19,IP Address,35.135.115.193,100,792,TRUE,5/7/25 16:19,R_5cxh8xg38Y3ZBYJ,,,,,46.6165,-120.7094,anonymous,EN,5e8644dc6d54ca0a09510c88,I consent,"Yes, Mexican",,Washington,1988,Male,Other,2,"$25,000-$49,999","Not at all interested,Very interested",High school diploma or GED,Hispanic,the Republican Party,Mike Johnson,Chuck Schumer,"Fox News,NBC",Neither agree nor disagree,Somewhat disagree,Strongly disagree,No,Both were born outside the US,All four born outside the US,English,,Not very much,Somewhat agree,Strongly agree,Somewhat agree,Strongly agree,(4) I definitely voted in the 2024 election,Donald Trump,Republican,,Strong,,Never,0,1,0,0,0,1,Healthcare,Neither support nor oppose,Not at all likely,It would somewhat negatively affect ${q://QID116/ChoiceGroup/SelectedChoices}s,It would negatively affect immigrants,Don't know,A little,A little,"No, I have not experienced discrimination for these reasons",Neither agree or agree,Somewhat disagree,Somewhat disagree,Somewhat disagree,Somewhat disagree,Strongly disagree,Somewhat agree,Somewhat disagree,Neither agree or agree,Somewhat agree,7,8,I feel like I belong to my state because I have lived here for over a decade and I have integrated within the community. I feel like people know me and know that I am proud to live here and call this my home.,I feel like I am an American. Even though I immigrated here I know that I follow all the cultural norms and traditions and I don't feel like an outsider at all.,7,6,Strongly favor,Somewhat favor,Strongly favor,Strongly oppose,Neither favor nor oppose,Strongly oppose,,,No,Because I already know what I need to do for all of that. I am already registered to vote and have vogted and I know what affects me as a Hispanic I don't care what affects others.,5e8644dc6d54ca0a09510c88,0,0
11,5/7/25 16:03,5/7/25 16:21,IP Address,74.71.52.1,100,1037,TRUE,5/7/25 16:21,R_7yjgCzEr8XjHTCa,,,,,40.7428,-73.9712,anonymous,EN,6632fc0b22af8fdf65f98b32,I consent,"Yes, Mexican",,Virginia,1984,Female,American Indian/Native American or Alaska Native,2,"$50,000-$74,999","Not at all interested,Very interested","Some college, but no degree",Latino/a,the Republican Party,Mike Johnson,Chuck Schumer,"Fox News,NBC",Somewhat disagree,Somewhat agree,Somewhat agree,Yes,Both were born outside the US,All four born outside the US,English,,Some,Neither agree or agree,Strongly agree,Somewhat agree,Strongly agree,(4) I definitely voted in the 2024 election,Donald Trump,Republican,,Not so strong,,Sometimes,2,0,0,0,0,0,Immigration,Somewhat support,Somewhat unlikely,It would somewhat negatively affect ${q://QID116/ChoiceGroup/SelectedChoices}s,It would negatively affect immigrants,"No, the same amount",A little,Some,"Yes, for my ethnicity",Somewhat disagree,Somewhat disagree,Somewhat disagree,Somewhat agree,Somewhat disagree,Neither agree or agree,Somewhat agree,Somewhat agree,Neither agree or agree,Somewhat agree,7,10,i feel like people see me as an equal because time have progressed rather quickly because of the internet. ,everywhere i travel to even if its a state with few tourists im embraced because i share american social customs.,7,8,Neither favor nor oppose,Somewhat favor,Neither favor nor oppose,Somewhat oppose,Somewhat favor,Strongly oppose,,,No, its sad but i dont want to feel weighed down knowing whats happening to immigrants. ,6632fc0b22af8fdf65f98b32,0,0
12,5/7/25 15:56,5/7/25 16:23,IP Address,89.23.87.135,100,1586,TRUE,5/7/25 16:23,R_1Qzn3qJPU1IDjjY,,,,,39.2889,-76.623,anonymous,EN,67d187f13384c3052612cca3,I consent,"Yes, Mexican",,Florida,1986,Male,White or Caucasian,2,"$25,000-$49,999","Not at all interested,Very interested",High school diploma or GED,Latino/a,the Republican Party,Mike Johnson,Chuck Schumer,"Fox News,NBC",Strongly agree,Somewhat disagree,Strongly disagree,Yes,Both were born outside the US,All four in the US,English and Spanish are equally used,,Not at all,Neither agree or agree,Neither agree or agree,Somewhat agree,Neither agree or agree,(4) I definitely voted in the 2024 election,Donald Trump,Republican,,Not so strong,,Sometimes,5,1,1,1,6,3,Healthcare,Neither support nor oppose,Somewhat likely,It would somewhat positively affect ${q://QID116/ChoiceGroup/SelectedChoices}s,It would somewhat positively affect immigrants,"Yes, a little more",A lot,A lot,"No, I have not experienced discrimination for these reasons",Strongly agree,Strongly agree,Strongly agree,Somewhat disagree,Somewhat agree,Somewhat agree,Somewhat agree,Somewhat agree,Strongly agree,Strongly disagree,9,9,"i feel i belong because i have never been discriminated ever since i was born here,despite my ethicsi f",i feel i have never been discriminated ever since i was born here despite my ethic,10,10,Strongly oppose,Strongly oppose,Strongly oppose,Strongly oppose,Strongly oppose,Neither favor nor oppose,Yes,yaes because i would love to know more how fair this voting is done ,,,67d187f13384c3052612cca3,0,0
13,5/7/25 16:08,5/7/25 16:23,IP Address,174.229.209.195,100,917,TRUE,5/7/25 16:23,R_7sytM4Lu5t5byHK,,,,,40.6105,-74.2813,anonymous,EN,6630fe529aafd2ed163cfd25,I consent,"Yes, Puerto Rican",,New Jersey,1977,Male,White or Caucasian,3,"$75,000-$99,999","Not at all interested,Very interested",Associates or technical degree,Latino/a,the Republican Party,Mike Johnson,Chuck Schumer,"Fox News,NBC",Strongly agree,Strongly disagree,Strongly disagree,Yes,"One in the US, one elsewhere","Two in the US, two elsewhere",English,,Some,Somewhat agree,Somewhat disagree,Somewhat disagree,Neither agree or agree,(4) I definitely voted in the 2024 election,Kamala Harris,Democrat,,Strong,,Sometimes,2,0,2,0,2,0,Healthcare,Somewhat support,Somewhat likely,It would somewhat positively affect ${q://QID116/ChoiceGroup/SelectedChoices}s,It would positively affect immigrants,"No, the same amount",Some,A little,"Yes, for my ethnicity",Neither agree or agree,Strongly disagree,Somewhat disagree,Neither agree or agree,Strongly disagree,Somewhat disagree,Somewhat disagree,Somewhat disagree,Neither agree or agree,Somewhat agree,10,9,I feel like my state is very liberal and have many different cultures here. We also have strong democratic people in the senate that fight for Latino rights.,Since I was born here I have a strong sense of belonging to this country. I feel like for the most part discrimination against me has not been harsh.,10,8,Somewhat favor,Somewhat oppose,Somewhat oppose,Neither favor nor oppose,Strongly favor,Neither favor nor oppose,No,"As someone who has voted in every major election since I turned 18, I don’t need this kind of support. Though I do like what they’re doing with this.",,,6630fe529aafd2ed163cfd25,0,0
14,5/7/25 16:16,5/7/25 16:23,IP Address,12.74.211.51,100,437,TRUE,5/7/25 16:23,R_5UVni7ToNW5zzLd,,,,,32.7797,-96.8022,anonymous,EN,66106426fc5e2e2bccfb8c60,I consent,"Yes, other (Please specify.)",Ecuador,Illinois,1979,Male,White or Caucasian,3,"$150,000 or more","Not at all interested,Very interested",Bachelor’s degree,Hispanic,the Republican Party,Mike Johnson,Chuck Schumer,"Fox News,CNN",Somewhat disagree,Somewhat agree,Neither agree nor disagree,Yes,Both were born outside the US,All four born outside the US,English and Spanish are equally used,,Not very much,Somewhat agree,Somewhat agree,Somewhat agree,Somewhat agree,(4) I definitely voted in the 2024 election,Donald Trump,Republican,,Strong,,Sometimes,4,1,8,1,5,6,State symbols,Neither support nor oppose,Somewhat unlikely,It would not affect ${q://QID116/ChoiceGroup/SelectedChoices}s,It would not affect immigrants,"No, the same amount",Some,Some,"No, I have not experienced discrimination for these reasons",Somewhat agree,Neither agree or agree,Neither agree or agree,Somewhat agree,Neither agree or agree,Somewhat agree,Neither agree or agree,Somewhat disagree,Neither agree or agree,Somewhat agree,9,9,I’ve spent my entire life here and have great pride,I have great pride in my country ,10,10,Somewhat favor,Somewhat favor,Neither favor nor oppose,Neither favor nor oppose,Strongly favor,Somewhat oppose,,,No,I like to ek out my own information ,66106426fc5e2e2bccfb8c60,0,1
15,5/7/25 16:12,5/7/25 16:27,IP Address,67.240.170.104,100,864,TRUE,5/7/25 16:27,R_5hAF0BTGSGCtMS5,,,,,42.7885,-77.8135,anonymous,EN,660eb104e6656602d708f33e,I consent,"Yes, Mexican",,New York,1993,Male,"White or Caucasian,American Indian/Native American or Alaska Native,Other",5,"$75,000-$99,999","Not at all interested,Very interested","Some college, but no degree",Latino/a,the Republican Party,Mike Johnson,Chuck Schumer,"Fox News,NBC",Strongly agree,Somewhat disagree,Somewhat disagree,Yes,"One in the US, one elsewhere",All four born outside the US,English,,A lot,Somewhat agree,Strongly disagree,Strongly disagree,Neither agree or agree,"(3) I usually vote, but didn’t in the 2024 election",,Democrat,,Not so strong,,Always,2,0,3,0,3,0,State symbols,Somewhat support,Somewhat unlikely,It would not affect ${q://QID116/ChoiceGroup/SelectedChoices}s,It would not affect immigrants,"No, the same amount",A lot,A lot,"Yes, for my ethnicity",Somewhat agree,Somewhat agree,Somewhat disagree,Somewhat agree,Somewhat agree,Somewhat disagree,Strongly agree,Strongly agree,Neither agree or agree,Somewhat agree,7,3,I live in a blue state and I feel like I am being treated better than when I was living in the south,"I dont really agree with the stuff the government does, I also don't relate to the average american when it comes to politics ",5,1,Strongly oppose,Somewhat oppose,Neither favor nor oppose,Somewhat favor,Strongly oppose,Strongly favor,No,I am already registered to vote ,,,660eb104e6656602d708f33e,0,0
16,5/7/25 16:12,5/7/25 16:29,IP Address,172.56.162.212,100,1020,TRUE,5/7/25 16:29,R_1mDHtMgYrnkXXrP,,,,,40.6627,-73.9138,anonymous,EN,6670e05a65d32df6fa3e7560,I consent,"Yes, other (Please specify.)",Venezuelan,New York,1967,Male,"White or Caucasian,Other",5,"$75,000-$99,999","Not at all interested,Somewhat interested",Bachelor’s degree,Latino/a,the Republican Party,Mike Johnson,Joe Manchin,"Fox News,NBC",Somewhat agree,Strongly disagree,Somewhat disagree,No,Both were born outside the US,All four born outside the US,Spanish,,Some,Somewhat disagree,Somewhat disagree,Somewhat agree,Strongly disagree,(4) I definitely voted in the 2024 election,Kamala Harris,Democrat,,Not so strong,,Always,1,1,2,1,4,2,None of these,Somewhat support,Somewhat unlikely,It would not affect ${q://QID116/ChoiceGroup/SelectedChoices}s,It would not affect immigrants,"No, the same amount",A lot,A lot,"Yes, for being an immigrant,Yes, for having an accent",Somewhat disagree,Strongly disagree,Somewhat disagree,Neither agree or agree,Somewhat disagree,Somewhat disagree,Strongly agree,Strongly disagree,Somewhat disagree,Somewhat agree,7,2,I’ve been liiving in my state for 20 years and I feel like I am oft of it and is the safe haven ,I am not sure if in other states I will be considered as an American some states wont accept me,6,2,Somewhat oppose,Somewhat oppose,Strongly oppose,Neither favor nor oppose,Strongly favor,Strongly favor,,,No,I am saturated of politics and community politics ,6670e05a65d32df6fa3e7560,1,0
17,5/7/25 16:06,5/7/25 16:31,IP Address,89.47.125.121,100,1510,TRUE,5/7/25 16:31,R_7gLWemiUsF3zy1i,,,,,47.2997,-96.5153,anonymous,EN,678dfbeb3845a6b34d650a7d,I consent,"Yes, Puerto Rican",,Illinois,1986,Female,White or Caucasian,3,"$150,000 or more","Not at all interested,Very interested","Graduate or professional degree (MA, MS, MBA, PhD, JD, MD, DDS etc.)",Hispanic,the Republican Party,Mike Johnson,Mitch McConnell,"Fox News,NBC",Strongly agree,Somewhat agree,Somewhat disagree,Yes,Both were born in the US,All four in the US,English,,A lot,Somewhat agree,Somewhat agree,Strongly agree,Somewhat agree,(4) I definitely voted in the 2024 election,Kamala Harris,Democrat,,Strong,,Sometimes,0,3,0,4,0,0,Immigration,Somewhat oppose,Somewhat likely,It would somewhat negatively affect ${q://QID116/ChoiceGroup/SelectedChoices}s,It would somewhat negatively affect immigrants,"Yes, a little more",A lot,Some,"Yes, for my ethnicity",Strongly agree,Somewhat agree,Somewhat agree,Somewhat disagree,Somewhat agree,Somewhat agree,Somewhat agree,Somewhat disagree,Somewhat agree,Somewhat agree,10,7,I feel I belong in my state because I have several neighbors of my ethnic group and therefore face little to no discrimination.,I quite belong because in the US racial and ethnic discrimination is in most places and my group is considered a minority.,10,7,Somewhat oppose,Somewhat oppose,Somewhat oppose,Somewhat favor,Somewhat favor,Somewhat favor,No,Because this is information I can personally look up and find.,,,678dfbeb3845a6b34d650a7d,0,0
18,5/7/25 16:15,5/7/25 16:32,IP Address,89.46.182.177,100,1020,TRUE,5/7/25 16:32,R_52gocAbXIEjFNG5,,,,,34.9458,-81.9334,anonymous,EN,6781935f0fbff63cc8eb3595,I consent,"Yes, Puerto Rican",,Florida,1979,Male,Other,2,"$150,000 or more","Not at all interested,Very interested",Associates or technical degree,Hispanic,the Republican Party,Mike Johnson,Mike Johnson,"Fox News,NBC",Strongly agree,Somewhat disagree,Somewhat disagree,Yes,Both were born in the US,All four born outside the US,English,,Some,Strongly agree,Strongly agree,Strongly agree,Somewhat agree,(4) I definitely voted in the 2024 election,Kamala Harris,Democrat,,Strong,,Sometimes,3,6,1,1,3,5,Immigration,Somewhat support,Somewhat likely,It would somewhat negatively affect ${q://QID116/ChoiceGroup/SelectedChoices}s,It would negatively affect immigrants,"No, a little less",A lot,Some,"No, I have not experienced discrimination for these reasons",Somewhat agree,Somewhat agree,Somewhat agree,Somewhat agree,Somewhat agree,Somewhat agree,Strongly agree,Strongly agree,Strongly agree,Strongly agree,9,9,I belong to my state because i was born there ,i belong to the US because am a citizen by birth ,9,9,Somewhat favor,Somewhat favor,Somewhat favor,Somewhat favor,Somewhat favor,Somewhat favor,,,Yes,I would like to know much about my community ,6781935f0fbff63cc8eb3595,0,0
19,5/7/25 16:20,5/7/25 16:36,IP Address,173.224.109.112,100,980,TRUE,5/7/25 16:36,R_1Tq0oo3JCleu8tF,,,,,29.7388,-95.8309,anonymous,EN,662a94bd827a5f8f446898e9,I consent,"Yes, Mexican",,Texas,1974,Female,White or Caucasian,2,"$150,000 or more","Not at all interested,Very interested",Associates or technical degree,Hispanic,the Republican Party,Mitch McConnell,Mitch McConnell,"Fox News,NBC",Somewhat agree,Strongly disagree,Somewhat disagree,Yes,Both were born in the US,"Three in the US, one elsewhere",English,,Some,Somewhat agree,Somewhat agree,Somewhat agree,Somewhat disagree,(4) I definitely voted in the 2024 election,Kamala Harris,Something else,Independent leaning towards Republican,,Closer to the Republican Party,Most of the time,4,0,0,0,0,0,Healthcare,Neither support nor oppose,Not at all likely,It would somewhat positively affect ${q://QID116/ChoiceGroup/SelectedChoices}s,It would somewhat positively affect immigrants,"No, the same amount",Some,Some,"Yes, for my ethnicity",Somewhat agree,Somewhat agree,Somewhat disagree,Somewhat disagree,Somewhat disagree,Somewhat disagree,Somewhat disagree,Neither agree or agree,Somewhat agree,Somewhat agree,8,10,I belong in my state because I was born here and have natural rights to be here. ,I belong in the US because this is my birthplace. ,8,10,Somewhat favor,Somewhat favor,Somewhat favor,Somewhat oppose,Somewhat favor,Strongly oppose,No,I don't care for one on one contact with people. I would not care to have a conversation about it but I would be interested in learning about the issue in other ways like social media or reading about it online. ,,,662a94bd827a5f8f446898e9,0,0
20,5/7/25 16:19,5/7/25 16:37,IP Address,35.146.250.109,100,1089,TRUE,5/7/25 16:37,R_7x3p5euGRo0u74J,,,,,33.1976,-96.6178,anonymous,EN,67094d6215b6d0fe3e8c3e39,I consent,"Yes, Mexican",,Texas,2001,Male,White or Caucasian,2,"$50,000-$74,999","Not at all interested,Very interested","Some college, but no degree",Hispanic,the Republican Party,Mike Johnson,Chuck Schumer,"Fox News,NBC",Strongly agree,Somewhat agree,Somewhat disagree,Yes,Both were born in the US,"Two in the US, two elsewhere",English,,Some,Somewhat agree,Somewhat agree,Somewhat agree,Somewhat agree,(4) I definitely voted in the 2024 election,Donald Trump,Republican,,Not so strong,,Sometimes,5,1,1,0,4,2,Healthcare,Somewhat support,Somewhat likely,It would somewhat positively affect ${q://QID116/ChoiceGroup/SelectedChoices}s,It would positively affect immigrants,"No, the same amount",A lot,A lot,"Yes, for my ethnicity",Somewhat agree,Somewhat agree,Somewhat agree,Somewhat disagree,Somewhat disagree,Somewhat disagree,Somewhat disagree,Somewhat disagree,Somewhat agree,Strongly agree,9,9,I feel like i am proud to be a Texan Hispanic and American even though i am a lighter toned hispanic and people might get confused that i am one i am still proud of my culture and ethnicity.,I feel like i belong to make the country better and feel i can provide that in anything that i choose to do!,9,7,Somewhat oppose,Somewhat oppose,Somewhat favor,Somewhat favor,Somewhat favor,Somewhat favor,,,Yes,I would like to be more informed on current and up to date issues revolving my culture and ethnicity as a hispanic US citizen.,67094d6215b6d0fe3e8c3e39,0,0
21,5/7/25 16:03,5/7/25 16:37,IP Address,104.251.93.167,100,2016,TRUE,5/7/25 16:37,R_1GwOPCi6aGFnonp,,,,,37.751,-97.822,anonymous,EN,67dcb4fa7468a703fe7c1be0,I consent,"Yes, Cuban",,Oregon,1973,Female,Other,2,"$75,000-$99,999","Not at all interested,Very interested","Graduate or professional degree (MA, MS, MBA, PhD, JD, MD, DDS etc.)",Hispanic,the Republican Party,Mike Johnson,Joe Manchin,"Fox News,NBC",Strongly agree,Strongly agree,Strongly disagree,Yes,Both were born outside the US,All four in the US,English,,A lot,Somewhat agree,Strongly agree,Somewhat agree,Strongly agree,(4) I definitely voted in the 2024 election,Donald Trump,Republican,,Strong,,Sometimes,5,1,4,2,3,1,Immigration,Somewhat support,Somewhat likely,It would somewhat positively affect ${q://QID116/ChoiceGroup/SelectedChoices}s,It would somewhat positively affect immigrants,"Yes, a little more",A lot,Some,"No, I have not experienced discrimination for these reasons",Somewhat agree,Somewhat agree,Somewhat agree,Somewhat agree,Somewhat disagree,Somewhat agree,Somewhat agree,Strongly agree,Somewhat agree,Strongly agree,8,8,"I feel a strong connection to my state because I have lived here most of my life, and the community values align with my own. The local culture and people make me feel at home","I feel connected to the United States because I believe in the country's core values of freedom and opportunity, though there are aspects of the political climate that sometimes make me feel disconnected",9,8,Somewhat favor,Strongly favor,Somewhat oppose,Strongly favor,Somewhat favor,Somewhat oppose,Yes,I would not like to be contacted because I prefer to seek out voting information on my own when needed. I like to have control over the sources I receive updates from,,,67dcb4fa7468a703fe7c1be0,0,0
22,5/7/25 16:13,5/7/25 16:40,IP Address,94.103.191.50,100,1602,TRUE,5/7/25 16:40,R_3xISVFL2DNJHfBQ,,,,,39.0469,-77.4903,anonymous,EN,67f2e818d6535aab793612dc,I consent,"Yes, Mexican",,California,1994,Male,White or Caucasian,2,"$100,000-$149,999","Not at all interested,Very interested","Graduate or professional degree (MA, MS, MBA, PhD, JD, MD, DDS etc.)",Hispanic,the Republican Party,Mike Johnson,Chuck Schumer,"Fox News,NBC",Somewhat agree,Somewhat disagree,Strongly disagree,Yes,Both were born in the US,All four in the US,English,,Some,Strongly agree,Somewhat agree,Strongly agree,Neither agree or agree,(4) I definitely voted in the 2024 election,Donald Trump,Republican,,Not so strong,,Sometimes,7,2,6,2,7,0,Healthcare,Somewhat support,Somewhat likely,It would somewhat negatively affect ${q://QID116/ChoiceGroup/SelectedChoices}s,It would somewhat negatively affect immigrants,"No, a little less",Some,A little,"No, I have not experienced discrimination for these reasons",Somewhat agree,Somewhat agree,Neither agree or agree,Somewhat disagree,Somewhat agree,Somewhat agree,Somewhat disagree,Somewhat disagree,Strongly agree,Somewhat agree,8,9,I feel like I personally belong to my state because I do not face much problems that others complain about.,"I do belong to USA because I was born and raised here, I know the culture and I behave as an American. ",8,9,Somewhat oppose,Neither favor nor oppose,Somewhat oppose,Somewhat oppose,Somewhat favor,Strongly favor,,,No,"I learned a lot about the my group online and other sources, I would not want to be feed with bias information incase the organization choose to be bias.",67f2e818d6535aab793612dc,0,0
23,5/7/25 16:08,5/7/25 16:46,IP Address,158.222.131.224,100,2287,TRUE,5/7/25 16:46,R_57BSjK4x5HXfNOu,,,,,40.8123,-73.9682,anonymous,EN,5ead45a386fbbe3c8eebe510,I consent,"Yes, other (Please specify.)",Dominican,New York,1996,Male,Other,6,"$50,000-$74,999","Not at all interested,Very interested",Bachelor’s degree,Hispanic,the Republican Party,Mike Johnson,Chuck Schumer,"Fox News,NBC",Somewhat agree,Strongly agree,Somewhat disagree,Yes,Both were born outside the US,All four born outside the US,English and Spanish are equally used,,Some,Somewhat agree,Strongly disagree,Somewhat agree,Strongly agree,(4) I definitely voted in the 2024 election,Donald Trump,Republican,,Not so strong,,Never,2,0,2,3,2,3,State symbols,Somewhat oppose,Somewhat unlikely,It would not affect ${q://QID116/ChoiceGroup/SelectedChoices}s,It would somewhat positively affect immigrants,"No, the same amount",Some,Some,"No, I have not experienced discrimination for these reasons",Strongly agree,Strongly disagree,Strongly disagree,Somewhat agree,Strongly disagree,Strongly disagree,Somewhat disagree,Somewhat agree,Somewhat agree,Somewhat agree,4,7,My state is very bias in its liberal beliefs yet its a very expensive state its very tough to fit in New York City.,I feel like I feel like I don't belong in the United States because the financial ladder is hard to climb and I feel left out.,5,6,Strongly favor,Strongly favor,Strongly favor,Strongly oppose,Somewhat favor,Somewhat favor,,,Yes,I want to know more about local issues since the news is dominated by Federal politics.,5ead45a386fbbe3c8eebe510,0,0
24,5/7/25 16:20,5/7/25 16:49,IP Address,76.169.50.14,100,1752,TRUE,5/7/25 16:49,R_7g2j28KuziyNShd,,,,,33.9576,-118.267,anonymous,EN,5fb0a3d6a8e4224b973e750b,I consent,"Yes, Mexican",,California,1998,Male,White or Caucasian,2,"Less than $25,000","Not at all interested,Very interested",High school diploma or GED,Latino/a,the Republican Party,Mike Johnson,Joe Manchin,"Fox News,NBC",Strongly agree,Strongly disagree,Strongly disagree,Yes,Both were born outside the US,All four born outside the US,English,,A lot,Strongly disagree,Strongly disagree,Strongly disagree,Strongly disagree,(4) I definitely voted in the 2024 election,Kamala Harris,Democrat,,Not so strong,,Always,0,0,0,5,0,0,Immigration,Strongly support,Very likely,It would positively affect ${q://QID116/ChoiceGroup/SelectedChoices}s,It would positively affect immigrants,Don't know,A lot,A lot,"Yes, for my ethnicity",Strongly disagree,Strongly disagree,Strongly disagree,Strongly disagree,Strongly disagree,Strongly disagree,Neither agree or agree,Strongly disagree,Strongly disagree,Neither agree or agree,10,10,"I feel I do because I was born and raised here, plain and simple.",I belong here because I grew up in this country and grew up around American culture this is my home.,10,10,Strongly oppose,Strongly oppose,Strongly oppose,Strongly favor,Strongly favor,Strongly favor,No,I would not because I'm pretty sure I can find that information on my own.,,,5fb0a3d6a8e4224b973e750b,0,0
,,,,,,,,,,,,,,,,,,,,,,,,,,,,,,,,,,,,,,,,,,,,,,,,,,,,,,,,,,,,,,,,,,,,,,,,,,,,,,,,,,,,,,,,,,,,,,,,,,
,,,,,,,,,,,,,,,,,,,,,,,,,,,,,,,,,,,,,,,,,,,,,,,,,,,,,,,,,,,,,,,,,,,,,,,,,,,,,,,,,,,,,,,,,,,,,,,,,,
,,,,,,,,,,,,,,,,,,,,,,,,,,,,,,,,,,,,,,,,,,,,,,,,,,,,,,,,,,,,,,,,,,,,,,,,,,,,,,,,,,,,,,,,,,,,,,,,,,
,,,,,,,,,,,,,,,,,,,,,,,,,,,,,,,,,,,,,,,,,,,,,,,,,,,,,,,,,,,,,,,,,,,,,,,,,,,,,,,,,,,,,,,,,,,,,,,,,,
,5/7/25 15:57,5/7/25 16:10,IP Address,24.130.22.27,100,739,TRUE,5/7/25 16:10,R_3kFgxbK9gXf5XNT,,,,,37.9269,-122.3313,anonymous,EN,6785ca28acf7592ed65853fa,I consent,"Yes, Mexican",,California,2000,Female,Other,2,"$25,000-$49,999","Not at all interested,Very interested",Associates or technical degree,Latino/a,,Mitch McConnell,Mitch McConnell,"Fox News,NBC",Somewhat agree,Somewhat disagree,Strongly disagree,Yes,Both were born outside the US,All four born outside the US,English,,A lot,Strongly disagree,Strongly disagree,Somewhat disagree,Strongly disagree,(4) I definitely voted in the 2024 election,Other,Something else,Independent,,Closer to the Democratic Party,Most of the time,0,0,0,0,0,0,State symbols,Somewhat oppose,Not at all likely,It would not affect ${q://QID116/ChoiceGroup/SelectedChoices}s,It would not affect immigrants,"No, the same amount",A lot,A lot,"Yes, for my ethnicity",Somewhat agree,Somewhat disagree,Somewhat disagree,Somewhat disagree,Somewhat disagree,Somewhat disagree,Neither agree or agree,Strongly agree,Somewhat disagree,Neither agree or agree,8,0,"My state is a lot more progressive here in the West Coast. Despite this, there will always be people who will be racially prejudice no matter what I do. Still, it's more safer here than anywhere else.","With Trump's current administration, as well as the actions and words he's said in the past as part of his presidency, the majority of America have seen us as a threat, regardless of if we were born in the states, a legal resident, or undocumented. For how we are, we are deemed not worthy of being on American soil.",8,1,Somewhat oppose,Strongly oppose,Strongly oppose,Neither favor nor oppose,Strongly oppose,Strongly favor,,,No,"I want to keep up to date on what's going on in my community. It's already bad enough that the government is being secretive about the camps they hold for those seized by ICE, and I have family that I need to protect.",6785ca28acf7592ed65853fa,0,0
,5/7/25 16:09,5/7/25 16:10,IP Address,,100,29,TRUE,5/7/25 16:10,R_1SfO4Nphomf9Zlv,,,,,,,anonymous,EN,674780197d2f877d208e64bf,I consent,No,,,,,,,,,,,,,,,,,,,,,,,,,,,,,,,,,,,,,,,,,,,,,,,,,,,,,,,,,,,,,,,,,,,,,,,,,,,,674780197d2f877d208e64bf,0,0